{
    "Triggers":
	[
		{
			"Position": [950.000000, 64.000000, 1762.000000],
			"Orientation": [0.000000, 0.000000, 0.000000],
			"Size": [175.000000, 2.000000, 75.000000],
			"EyeAccommodation": 0.75,
			"Breadcrumbs": [],
			"InterpolationSpeed": 1
		},
		{
			"Position": [950.000000, 63.000000, 1762.000000],
			"Orientation": [0.000000, 0.000000, 0.000000],
			"Size": [175.000000, 2.000000, 75.000000],
			"EyeAccommodation": 0.50,
			"Breadcrumbs": [],
			"InterpolationSpeed": 1
		},
		{
			"Position": [950.000000, 62.000000, 1762.000000],
			"Orientation": [0.000000, 0.000000, 0.000000],
			"Size": [175.000000, 2.000000, 75.000000],
			"EyeAccommodation": 0.25,
			"Breadcrumbs": [],
			"InterpolationSpeed": 1
		},
		{
			"Position": [950.000000, 31.000000, 1762.000000],
			"Orientation": [0.000000, 0.000000, 0.000000],
			"Size": [175.000000, 62.000000, 75.000000],
			"EyeAccommodation": 0.15,
			"Breadcrumbs": [],
			"InterpolationSpeed": 1
		}
	]
}
